location_name,latitude,longitude,province,city,barangay,temperature,humidity,rainfall,wind_speed,wind_direction,atmospheric_pressure,recorded_at
"Biñan Monitoring Station 1",14.2633,121.1773,CALABARZON,Biñan,"San Isidro",33.81,60.28,0,24.67,SW,1002.3,"2024-11-07 12:34:00"
"Gumaca Monitoring Station 2",13.9247,122.135,CALABARZON,Gumaca,"San Roque",29.86,79.5,39.47,3.66,E,1019.6,"2024-06-27 11:10:00"
"Los Baños Monitoring Station 3",14.1847,121.2043,CALABARZON,"Los Baños",Poblacion,32.82,76.66,3,17.8,W,1007.78,"2024-10-02 04:07:00"
"Bacoor Monitoring Station 4",14.5541,121.0288,CALABARZON,Bacoor,,23.84,78.15,0,2.85,SE,1003.03,"2024-02-20 11:22:00"
"Angono Monitoring Station 5",14.5846,121.1324,CALABARZON,Angono,Villa,20.23,84.61,36.82,20.75,SW,1009.5,"2024-08-30 20:57:00"
"Biñan Monitoring Station 6",14.3723,121.0263,CALABARZON,Biñan,Poblacion,31.7,71.77,0,3.34,N,1002.39,"2024-09-14 16:01:00"
"Cavite City Monitoring Station 7",14.3973,120.969,CALABARZON,"Cavite City","Bagong Silang",20.31,74.64,0,8,SE,1007.49,"2024-05-12 21:21:00"
"Calamba Monitoring Station 8",14.1151,121.2483,CALABARZON,Calamba,"Sta. Ana",23.06,76.88,18.19,2.19,S,1017.28,"2024-07-14 22:28:00"
"Cavite City Monitoring Station 9",14.4213,120.943,CALABARZON,"Cavite City",Sampaguita,20.23,57.4,24.48,10.7,NE,1008.93,"2024-12-18 19:44:00"
"Imus Monitoring Station 10",14.3507,120.8767,CALABARZON,Imus,"Barangay 1",21.42,89.16,8.51,13.36,S,1000.74,"2024-02-10 05:02:00"
"Cainta Monitoring Station 11",14.6161,121.0592,CALABARZON,Cainta,,27.07,69.17,12.61,24.73,NW,1016.83,"2024-07-26 00:32:00"
"Batangas City Monitoring Station 12",13.7505,121.0323,CALABARZON,"Batangas City",,24.88,81.3,0,6.69,SW,1001.62,"2024-11-26 00:12:00"
"Cavite City Monitoring Station 13",14.5783,120.8,CALABARZON,"Cavite City","Sta. Ana",21.49,57.62,0,23.1,E,1000.82,"2024-12-16 12:57:00"
"Lucena Monitoring Station 14",13.9963,121.5517,CALABARZON,Lucena,"San Isidro",28.09,82.82,9.51,19.06,W,1004.99,"2024-05-08 02:32:00"
"Dasmarinas Monitoring Station 15",14.2914,120.8577,CALABARZON,Dasmarinas,"San Miguel",21.59,74.31,0,2.44,SE,1018.27,"2024-09-20 07:32:00"
"Los Baños Monitoring Station 16",14.1787,121.2093,CALABARZON,"Los Baños","San Roque",27.2,81.65,33.31,22.97,NW,1010.71,"2024-10-16 16:22:00"
"Tagaytay Monitoring Station 17",14.178,120.8573,CALABARZON,Tagaytay,"San Miguel",20.94,52.59,0,15.07,NE,1011.31,"2024-01-25 14:56:00"
"Cavite City Monitoring Station 18",14.5073,120.952,CALABARZON,"Cavite City","Sta. Cruz",23.76,61.16,0,2.63,SW,1007.23,"2024-04-06 20:49:00"
"Gumaca Monitoring Station 19",13.9777,122.135,CALABARZON,Gumaca,"Bagong Silang",27.51,83,0,12.26,SW,1002.74,"2024-12-13 08:04:00"
"Biñan Monitoring Station 20",14.3503,120.9873,CALABARZON,Biñan,,23.26,55.56,0,19.79,W,1016.5,"2024-05-20 08:37:00"
"Calamba Monitoring Station 21",14.1201,121.2513,CALABARZON,Calamba,"Sta. Ana",23.15,74.77,0,3.99,E,1001.57,"2024-01-14 23:57:00"
"Lucena Monitoring Station 22",13.9553,121.5377,CALABARZON,Lucena,"Sta. Cruz",21.64,64.61,0,19.16,NE,1016.42,"2024-11-21 07:06:00"
"Imus Monitoring Station 23",14.4707,120.9807,CALABARZON,Imus,"San Isidro",33.21,80.59,0,15.45,S,1005.45,"2024-09-16 03:38:00"
"Tayabas Monitoring Station 24",14.0607,121.6723,CALABARZON,Tayabas,,32.31,82.88,0,5.32,SE,1011.15,"2024-10-21 22:56:00"
"Lucena Monitoring Station 25",13.9133,121.5867,CALABARZON,Lucena,"San Jose",33.87,80.11,0,15.27,E,1017.23,"2024-11-16 01:41:00"
"Bacoor Monitoring Station 26",14.3821,121.0228,CALABARZON,Bacoor,Villa,32.96,73,0,23.47,SE,1014.91,"2024-10-29 16:39:00"
"Antipolo Monitoring Station 27",14.5852,121.1963,CALABARZON,Antipolo,"San Roque",20.73,58.5,8.38,0.01,SW,1016.58,"2024-11-20 11:53:00"
"Lipa Monitoring Station 28",13.9717,121.0983,CALABARZON,Lipa,"Barangay 3",29.85,56.66,36.87,14.41,N,1006.08,"2024-05-20 00:22:00"
"Gumaca Monitoring Station 29",13.8757,122.016,CALABARZON,Gumaca,"San Miguel",21.75,63.26,0,11.07,N,1009.4,"2024-01-11 02:35:00"
"Lucena Monitoring Station 30",13.9653,121.5407,CALABARZON,Lucena,"San Roque",28.81,66.42,10.15,15.7,SE,1000.79,"2024-05-22 03:54:00"
"Taytay Monitoring Station 31",14.5867,121.0603,CALABARZON,Taytay,"San Isidro",20.46,72.68,32.46,12.89,NW,1013.5,"2024-04-19 19:26:00"
"Biñan Monitoring Station 32",14.2813,121.1013,CALABARZON,Biñan,"Bagong Silang",27.96,55.47,31.39,14.95,NW,1010.31,"2024-10-25 19:54:00"
"Gumaca Monitoring Station 33",13.8777,122.102,CALABARZON,Gumaca,"Barangay 3",21.15,63.69,21.46,16.72,SW,1002.63,"2024-08-31 08:54:00"
"Antipolo Monitoring Station 34",14.6692,121.2563,CALABARZON,Antipolo,Poblacion,29.14,55.71,33.51,23.09,SE,1001.74,"2024-12-21 11:56:00"
"Tagaytay Monitoring Station 35",14.16,120.9923,CALABARZON,Tagaytay,Villa,31.72,88.81,0,6.94,S,1005.4,"2024-01-29 02:31:00"
"San Pedro Monitoring Station 36",14.2747,121.015,CALABARZON,"San Pedro","San Isidro",27.25,57.17,0,17.63,NE,1009.1,"2024-07-03 05:51:00"
"Bacoor Monitoring Station 37",14.3761,120.8818,CALABARZON,Bacoor,"San Antonio",21.57,84.19,0,2.28,SE,1016.35,"2024-05-23 21:16:00"
"Gumaca Monitoring Station 38",13.9817,122.136,CALABARZON,Gumaca,"Barangay 3",28.68,70.21,0,1.85,NE,1008.55,"2024-01-25 18:05:00"
"Tagaytay Monitoring Station 39",14,120.9183,CALABARZON,Tagaytay,,21.57,66.57,36.5,3.67,N,1000.05,"2024-09-17 15:46:00"
"Lucena Monitoring Station 40",13.9873,121.6027,CALABARZON,Lucena,"Barangay 3",23.07,77.97,13.22,6.09,SE,1000.61,"2024-05-23 11:41:00"
"Tagaytay Monitoring Station 41",14.01,121.0233,CALABARZON,Tagaytay,"San Miguel",21.51,88.08,0,22.95,N,1019.64,"2024-11-13 06:47:00"
"Antipolo Monitoring Station 42",14.5742,121.2743,CALABARZON,Antipolo,"San Antonio",23.29,59.2,0,22.95,S,1010.14,"2024-12-06 08:48:00"
"Gumaca Monitoring Station 43",13.8617,122.134,CALABARZON,Gumaca,Poblacion,32.85,52.2,40.72,23.74,NW,1001.3,"2024-12-08 02:19:00"
"Angono Monitoring Station 44",14.4716,121.1674,CALABARZON,Angono,"San Miguel",28.54,65.14,0,15.87,S,1013.42,"2024-09-05 11:32:00"
"Biñan Monitoring Station 45",14.2393,121.1793,CALABARZON,Biñan,"San Jose",22.63,74.91,8.92,1.03,S,1008.19,"2024-09-28 21:06:00"
"Imus Monitoring Station 46",14.5047,120.9827,CALABARZON,Imus,"Barangay 2",33.87,75.24,0,3.71,W,1012.02,"2024-07-15 02:13:00"
"San Pedro Monitoring Station 47",14.4507,121.001,CALABARZON,"San Pedro",,34.97,65.73,43.42,3.17,SW,1005.22,"2024-09-05 08:14:00"
"Dasmarinas Monitoring Station 48",14.2894,120.8637,CALABARZON,Dasmarinas,"San Jose",26.61,75.25,0,12.74,SE,1012.95,"2024-11-19 11:27:00"
"Cavite City Monitoring Station 49",14.5083,120.801,CALABARZON,"Cavite City","Sta. Cruz",33.93,53.75,0,11.31,SW,1014.91,"2024-10-20 04:56:00"
"Cainta Monitoring Station 50",14.6061,121.1912,CALABARZON,Cainta,"San Antonio",22.82,89.9,0,19.53,NW,1013.44,"2024-11-15 02:37:00"
"Tagaytay Monitoring Station 51",14.111,121.0103,CALABARZON,Tagaytay,"Barangay 2",22.24,93.09,37.39,2.42,SE,1013.62,"2024-12-29 00:34:00"
"Batangas City Monitoring Station 52",13.7385,121.0213,CALABARZON,"Batangas City",Sampaguita,26.85,67.56,0,23.82,NW,1017.06,"2024-01-11 16:06:00"
"Antipolo Monitoring Station 53",14.6152,121.1673,CALABARZON,Antipolo,"San Isidro",24.76,81.63,0,18.28,N,1017.2,"2024-06-07 17:26:00"
"Biñan Monitoring Station 54",14.2933,121.0943,CALABARZON,Biñan,Villa,33.9,77.98,0,19.43,S,1008.56,"2024-12-22 08:22:00"
"Gumaca Monitoring Station 55",13.8217,122.136,CALABARZON,Gumaca,Villa,34.06,63.4,0,3.61,NE,1009.39,"2024-12-29 17:34:00"
"Santa Rosa Monitoring Station 56",14.2697,121.0957,CALABARZON,"Santa Rosa","San Roque",30.29,67.54,1.64,6,W,1007.46,"2024-03-27 12:58:00"
"Santa Rosa Monitoring Station 57",14.3477,121.1627,CALABARZON,"Santa Rosa",Poblacion,25.84,50.89,28.8,22.64,SW,1004.77,"2024-05-25 02:02:00"
"Batangas City Monitoring Station 58",13.7885,121.0863,CALABARZON,"Batangas City",Villa,30.57,68.01,0,17.34,S,1006.73,"2024-01-08 20:46:00"
"Lucena Monitoring Station 59",13.9463,121.5767,CALABARZON,Lucena,"San Isidro",22.84,83.57,0,6.52,SW,1010.14,"2024-12-11 15:12:00"
"Angono Monitoring Station 60",14.5556,121.0764,CALABARZON,Angono,,26.78,82.83,4.4,17.5,N,1018.43,"2024-10-13 19:32:00"
"Calamba Monitoring Station 61",14.1931,121.2183,CALABARZON,Calamba,"San Miguel",30.36,59.39,0,9.63,NE,1009.02,"2024-02-13 12:59:00"
"Imus Monitoring Station 62",14.4327,120.8687,CALABARZON,Imus,,23.68,92.63,30.49,8.72,NE,1014.22,"2024-02-08 14:10:00"
"San Pedro Monitoring Station 63",14.3647,121.105,CALABARZON,"San Pedro","Barangay 3",22.43,80.98,36.09,14.77,W,1005.08,"2024-02-27 13:13:00"
"Dasmarinas Monitoring Station 64",14.3524,120.8737,CALABARZON,Dasmarinas,"Sta. Ana",23.8,88.37,0,16.57,SW,1005.66,"2024-07-14 17:17:00"
"Tayabas Monitoring Station 65",14.0957,121.6513,CALABARZON,Tayabas,Villa,34.63,69.23,0,0.77,W,1014.69,"2024-05-25 22:00:00"
"Bacoor Monitoring Station 66",14.4691,121.0028,CALABARZON,Bacoor,"Barangay 3",20.54,55.12,0,10.15,SW,1000.26,"2024-06-03 11:43:00"
"Bacoor Monitoring Station 67",14.4061,120.8608,CALABARZON,Bacoor,"Barangay 2",32.49,61.69,0,6.79,E,1001.42,"2024-12-24 07:12:00"
"Lucena Monitoring Station 68",14.0233,121.6877,CALABARZON,Lucena,"San Antonio",33.21,87.62,0,1.17,NE,1008.82,"2024-06-30 22:55:00"
"Tanauan Monitoring Station 69",14.1193,121.105,CALABARZON,Tanauan,,24.64,69.53,0,14.82,S,1019.74,"2024-09-23 03:11:00"
"Lipa Monitoring Station 70",13.9137,121.1873,CALABARZON,Lipa,"Sta. Cruz",31.54,80.07,43.78,3.5,NE,1017.02,"2024-10-02 10:36:00"
"Lucena Monitoring Station 71",13.9213,121.5807,CALABARZON,Lucena,,30.14,59.81,0,24.81,E,1001.03,"2024-10-21 02:12:00"
"Gumaca Monitoring Station 72",13.8387,122.135,CALABARZON,Gumaca,"Barangay 3",24.42,80,3.32,17.35,N,1020,"2024-03-25 05:07:00"
"Taytay Monitoring Station 73",14.6487,121.1083,CALABARZON,Taytay,"San Isidro",26.88,71.57,0,4.82,W,1015.09,"2024-06-24 11:45:00"
"Batangas City Monitoring Station 74",13.7465,121.0863,CALABARZON,"Batangas City",Sampaguita,28.76,76.1,19.64,12.72,SE,1010.99,"2024-03-09 17:30:00"
"Calamba Monitoring Station 75",14.1621,121.1793,CALABARZON,Calamba,"Barangay 3",20.99,76.67,0,4.62,NW,1009.66,"2024-06-27 09:17:00"
"Lipa Monitoring Station 76",13.9157,121.2323,CALABARZON,Lipa,"Barangay 1",28.43,85.08,28.35,24.62,W,1017.58,"2024-05-05 09:09:00"
"Cavite City Monitoring Station 77",14.5363,120.852,CALABARZON,"Cavite City","Sta. Ana",27.12,90.06,0,2.26,NW,1004.9,"2024-05-09 21:58:00"
"Santa Rosa Monitoring Station 78",14.3527,121.0487,CALABARZON,"Santa Rosa","San Antonio",33.82,74.52,0,16.38,SE,1004.19,"2024-10-30 21:14:00"
"Santa Rosa Monitoring Station 79",14.2257,121.1427,CALABARZON,"Santa Rosa","San Roque",29.56,86.27,24.98,16.85,SW,1008.52,"2024-01-07 14:42:00"
"Antipolo Monitoring Station 80",14.6722,121.1043,CALABARZON,Antipolo,,25.59,63.42,13.28,15.49,NE,1012.26,"2024-11-30 07:41:00"
"Los Baños Monitoring Station 81",14.1567,121.1603,CALABARZON,"Los Baños",,31.74,74.82,39.71,20.36,S,1017.14,"2024-07-31 19:05:00"
"Angono Monitoring Station 82",14.4766,121.0664,CALABARZON,Angono,,24.88,68.66,0,5.76,S,1000,"2024-02-26 06:51:00"
"Antipolo Monitoring Station 83",14.5782,121.2353,CALABARZON,Antipolo,"Barangay 1",30.59,77.08,43.58,5.92,SW,1003.38,"2024-04-09 16:00:00"
"San Pedro Monitoring Station 84",14.3617,121.089,CALABARZON,"San Pedro",,29.36,58.61,0,2.34,SE,1011.01,"2024-06-16 01:29:00"
"Tayabas Monitoring Station 85",14.0767,121.6693,CALABARZON,Tayabas,,27.5,50.96,35.91,22.96,E,1002.74,"2024-10-18 08:15:00"
"Angono Monitoring Station 86",14.5696,121.1364,CALABARZON,Angono,"San Antonio",27.39,64.76,0,16.07,SW,1019.77,"2024-07-01 04:31:00"
"Imus Monitoring Station 87",14.5277,120.8577,CALABARZON,Imus,"Barangay 1",33.69,93.76,0,18.78,W,1014.99,"2024-12-26 11:22:00"
"Batangas City Monitoring Station 88",13.7855,121.1143,CALABARZON,"Batangas City",Villa,20.86,73.34,0,21.65,NW,1004.11,"2024-08-01 12:48:00"
"Tagaytay Monitoring Station 89",14.17,120.9923,CALABARZON,Tagaytay,,26.13,71.17,0,23.19,SW,1000.15,"2024-12-03 18:02:00"
"Los Baños Monitoring Station 90",14.1217,121.2513,CALABARZON,"Los Baños","San Antonio",31.47,88.29,0,12.24,N,1019.53,"2024-08-27 00:38:00"
"Antipolo Monitoring Station 91",14.5622,121.1803,CALABARZON,Antipolo,"Sta. Maria",31.43,91.73,0,1.5,NW,1001.03,"2024-10-13 08:03:00"
"Lipa Monitoring Station 92",13.9677,121.1023,CALABARZON,Lipa,Sampaguita,24.86,72.23,46.42,9.87,SE,1015.17,"2024-06-01 19:22:00"
"Dasmarinas Monitoring Station 93",14.3254,120.8507,CALABARZON,Dasmarinas,"Barangay 3",33.65,84.94,35.41,1.97,W,1008.1,"2024-09-23 08:21:00"
"Cainta Monitoring Station 94",14.6111,121.0992,CALABARZON,Cainta,"San Roque",21.23,83.82,0.97,10.98,W,1015.39,"2024-02-24 16:35:00"
"Tayabas Monitoring Station 95",14.0077,121.5023,CALABARZON,Tayabas,"San Jose",23.81,67.29,32.94,2.35,N,1013.91,"2024-05-31 17:10:00"
"Angono Monitoring Station 96",14.5126,121.1404,CALABARZON,Angono,"Barangay 1",27.52,66.76,0,14.98,SE,1011.79,"2024-03-24 22:31:00"
"Angono Monitoring Station 97",14.6016,121.1114,CALABARZON,Angono,Poblacion,24.48,56.43,0,14.59,N,1018.09,"2024-12-13 06:10:00"
"Lipa Monitoring Station 98",13.9127,121.2173,CALABARZON,Lipa,"San Miguel",34.24,72.12,0,8.01,SE,1004.84,"2024-03-06 22:17:00"
"Cainta Monitoring Station 99",14.6501,121.0612,CALABARZON,Cainta,"Sta. Cruz",21.65,69.7,0,20.55,NE,1003.59,"2024-04-17 10:35:00"
"Tanauan Monitoring Station 100",14.0993,121.139,CALABARZON,Tanauan,"Barangay 3",21.96,53.03,0,10.47,N,1019.71,"2024-12-14 18:57:00"
"Taytay Monitoring Station 101",14.4817,121.1283,CALABARZON,Taytay,"Bagong Silang",30.39,56.24,15.22,8.4,SE,1019.76,"2024-05-27 16:23:00"
"Tagaytay Monitoring Station 102",14.069,120.9943,CALABARZON,Tagaytay,"Barangay 3",26.45,79.97,0,3.89,SW,1016.9,"2024-10-27 02:35:00"
"Santa Rosa Monitoring Station 103",14.2847,121.1727,CALABARZON,"Santa Rosa",Poblacion,31.88,52.21,0,4.33,SE,1007.04,"2024-08-19 23:19:00"
"Cavite City Monitoring Station 104",14.4223,120.851,CALABARZON,"Cavite City","San Antonio",33.93,87.56,0,11.88,S,1009.38,"2024-09-04 18:03:00"
"Cavite City Monitoring Station 105",14.4493,120.997,CALABARZON,"Cavite City","Sta. Cruz",20.59,71.93,0,2.89,E,1000.97,"2024-10-28 21:00:00"
"Tagaytay Monitoring Station 106",14.022,121.0323,CALABARZON,Tagaytay,,25.18,91.25,23.18,12.59,SE,1011.26,"2024-03-06 19:26:00"
"Biñan Monitoring Station 107",14.3603,121.0103,CALABARZON,Biñan,,28.45,75.95,0,11.31,NE,1012.66,"2024-04-19 21:02:00"
"Taytay Monitoring Station 108",14.5707,121.0853,CALABARZON,Taytay,Poblacion,26.4,82.49,15.07,14.22,SE,1001.73,"2024-11-24 02:40:00"
"Biñan Monitoring Station 109",14.3893,121.1553,CALABARZON,Biñan,Villa,30.31,82.83,4.06,11.21,SW,1003.8,"2024-04-17 05:53:00"
"Biñan Monitoring Station 110",14.3723,121.0753,CALABARZON,Biñan,"San Isidro",26.31,63.96,0,18.25,N,1004.65,"2024-10-01 12:04:00"
"Imus Monitoring Station 111",14.4347,120.9197,CALABARZON,Imus,"San Jose",29.18,87.78,0,6.29,SW,1010.05,"2024-01-18 04:20:00"
"Biñan Monitoring Station 112",14.3033,121.1503,CALABARZON,Biñan,"Barangay 1",33.9,53.3,0,22.3,E,1013.45,"2024-01-06 05:15:00"
"Taytay Monitoring Station 113",14.6367,121.0463,CALABARZON,Taytay,"Barangay 3",30.95,78.69,32.63,19.56,S,1016.45,"2024-08-21 15:48:00"
"Lipa Monitoring Station 114",13.9887,121.1453,CALABARZON,Lipa,Sampaguita,20.3,63.19,44.26,15.37,SW,1017.29,"2024-08-28 04:44:00"
"Dasmarinas Monitoring Station 115",14.3104,121.0357,CALABARZON,Dasmarinas,"San Roque",26.97,56.58,0,16.04,S,1007.01,"2024-05-29 12:51:00"
"San Pedro Monitoring Station 116",14.4627,120.989,CALABARZON,"San Pedro","Barangay 2",26.31,69.87,30.39,22.19,NW,1018.06,"2024-02-09 17:51:00"
"Angono Monitoring Station 117",14.6216,121.1134,CALABARZON,Angono,,24.38,72.05,20.62,11.85,NE,1008.14,"2024-08-18 23:59:00"
"Taytay Monitoring Station 118",14.5517,121.1813,CALABARZON,Taytay,"Barangay 1",21.91,53.91,0,11.96,N,1011.26,"2024-05-06 11:21:00"
"Santa Rosa Monitoring Station 119",14.3037,121.0777,CALABARZON,"Santa Rosa",,30.27,83.76,0,10.15,SE,1008.86,"2024-10-14 05:39:00"
"Los Baños Monitoring Station 120",14.1717,121.2593,CALABARZON,"Los Baños","San Miguel",25.56,81.02,21.19,8.2,NW,1017.28,"2024-03-14 17:28:00"
"San Pedro Monitoring Station 121",14.2817,121.07,CALABARZON,"San Pedro","Barangay 3",24.87,72.67,0,6.92,NW,1004.56,"2024-03-11 07:35:00"
"Cavite City Monitoring Station 122",14.4403,120.836,CALABARZON,"Cavite City","San Miguel",34.98,73.01,0,13.87,E,1018.24,"2024-12-30 14:40:00"
"San Pedro Monitoring Station 123",14.3307,121.145,CALABARZON,"San Pedro",Villa,24.49,52.19,20.78,22.72,NW,1011.62,"2024-08-23 10:31:00"
"Bacoor Monitoring Station 124",14.3721,120.9498,CALABARZON,Bacoor,Villa,27.62,72.64,0,5.63,SW,1014.51,"2024-08-03 21:26:00"
"Gumaca Monitoring Station 125",13.9967,122.19,CALABARZON,Gumaca,,29.75,70.67,0,9.78,NW,1018.52,"2024-04-09 21:03:00"
"Cavite City Monitoring Station 126",14.5413,120.974,CALABARZON,"Cavite City",,30.59,91.48,0,10.89,S,1005.78,"2024-09-16 19:10:00"
"Tayabas Monitoring Station 127",13.9187,121.5143,CALABARZON,Tayabas,,30.13,94.35,0,14.93,N,1011.91,"2024-12-10 11:22:00"
"Calamba Monitoring Station 128",14.3021,121.2633,CALABARZON,Calamba,,30.05,84.58,30.3,4.86,NE,1011.45,"2024-01-22 06:19:00"
"Cainta Monitoring Station 129",14.5491,121.2182,CALABARZON,Cainta,"Sta. Maria",26.64,72.57,0,24.3,S,1013.34,"2024-04-12 07:07:00"
"Calamba Monitoring Station 130",14.2871,121.0963,CALABARZON,Calamba,Poblacion,28.56,62.3,0,23.8,SW,1004.01,"2024-07-17 07:28:00"
"San Pedro Monitoring Station 131",14.3377,121.131,CALABARZON,"San Pedro",,22.37,64.73,41.74,3.83,NW,1015.2,"2024-08-17 02:30:00"
"Gumaca Monitoring Station 132",13.9887,122.115,CALABARZON,Gumaca,"San Roque",33.98,88.19,48.6,1.07,E,1011.17,"2024-07-20 00:53:00"
"Bacoor Monitoring Station 133",14.4761,120.8938,CALABARZON,Bacoor,"Barangay 2",27.44,66.87,12.51,5.49,N,1003.73,"2024-10-08 02:38:00"
"Lucena Monitoring Station 134",13.8333,121.5207,CALABARZON,Lucena,"Bagong Silang",30.5,73.47,41.45,6.25,SW,1000.66,"2024-07-16 17:52:00"
"Antipolo Monitoring Station 135",14.6522,121.2113,CALABARZON,Antipolo,"Barangay 3",31.27,87.91,9.32,2.1,NW,1012.09,"2024-06-27 20:05:00"
"Imus Monitoring Station 136",14.4537,120.9427,CALABARZON,Imus,"Bagong Silang",24.91,93.03,23.09,18.49,S,1011.94,"2024-02-22 20:48:00"
"Biñan Monitoring Station 137",14.4013,121.0923,CALABARZON,Biñan,"San Jose",33.1,83.24,23.47,14.23,W,1010.92,"2024-02-13 23:06:00"
"Cavite City Monitoring Station 138",14.4953,120.819,CALABARZON,"Cavite City","San Antonio",28.47,93.87,21.28,22.87,W,1006.77,"2024-08-10 16:29:00"
"Cavite City Monitoring Station 139",14.5653,120.898,CALABARZON,"Cavite City","San Antonio",29.69,86.16,19.41,14.39,W,1015.77,"2024-01-05 05:56:00"
"Cainta Monitoring Station 140",14.5331,121.2142,CALABARZON,Cainta,Sampaguita,23.09,53.62,0,22.3,NW,1010.38,"2024-02-21 15:09:00"
"Taytay Monitoring Station 141",14.5107,121.0783,CALABARZON,Taytay,,23.37,55.04,0,2.74,SW,1015.26,"2024-10-15 15:47:00"
"Cavite City Monitoring Station 142",14.4933,120.811,CALABARZON,"Cavite City","Bagong Silang",24.89,66.05,22.46,20.29,NE,1007.5,"2024-01-29 01:15:00"
"Batangas City Monitoring Station 143",13.6755,120.9813,CALABARZON,"Batangas City",,26,79.73,28.75,12.24,SW,1016.73,"2024-12-10 11:06:00"
"Imus Monitoring Station 144",14.4457,120.9817,CALABARZON,Imus,"San Antonio",32.22,88.09,0,11.52,N,1018.96,"2024-12-11 17:00:00"
"Los Baños Monitoring Station 145",14.1777,121.2063,CALABARZON,"Los Baños","San Miguel",31.94,74.72,34.17,10.16,SW,1014.73,"2024-08-25 08:08:00"
"Imus Monitoring Station 146",14.4887,120.8577,CALABARZON,Imus,"San Miguel",25.84,53.66,0,20.05,SE,1002.52,"2024-09-26 09:57:00"
"Bacoor Monitoring Station 147",14.3961,120.9548,CALABARZON,Bacoor,"Barangay 1",22.25,67.63,13.72,23.06,N,1008.42,"2024-02-18 23:28:00"
"Bacoor Monitoring Station 148",14.4991,120.8538,CALABARZON,Bacoor,"Barangay 3",23.9,53.16,0,0.44,S,1015.42,"2024-02-02 23:02:00"
"Antipolo Monitoring Station 149",14.5542,121.2443,CALABARZON,Antipolo,"San Miguel",34.52,83.87,0,24.29,N,1000.92,"2024-10-28 07:40:00"
"Dasmarinas Monitoring Station 150",14.4234,120.8807,CALABARZON,Dasmarinas,"Barangay 1",29.83,51.08,31.97,22.43,N,1001.36,"2024-04-13 05:46:00"
"Taytay Monitoring Station 151",14.6457,121.1933,CALABARZON,Taytay,,20.36,79.28,0,5.72,SW,1006.23,"2024-08-21 10:19:00"
"Taytay Monitoring Station 152",14.5217,121.2333,CALABARZON,Taytay,"Barangay 2",24.79,73.41,10.8,17.44,SW,1019.89,"2024-11-26 18:43:00"
"Los Baños Monitoring Station 153",14.1827,121.1663,CALABARZON,"Los Baños","San Jose",21.83,56.53,0,22.77,NW,1017.47,"2024-08-24 05:54:00"
"San Pedro Monitoring Station 154",14.3197,121.125,CALABARZON,"San Pedro",Villa,24.22,69.25,0,13.87,W,1006.69,"2024-12-28 21:13:00"
"Lucena Monitoring Station 155",14.0303,121.5387,CALABARZON,Lucena,"San Isidro",32.54,54.66,0,12.01,NE,1013.09,"2024-02-04 08:51:00"
"San Pedro Monitoring Station 156",14.4567,121.043,CALABARZON,"San Pedro","Barangay 1",22.2,80.71,0,23.66,NE,1000.31,"2024-11-27 02:06:00"
"Antipolo Monitoring Station 157",14.5892,121.1043,CALABARZON,Antipolo,"Sta. Cruz",31.4,84.48,0,6.13,SW,1016.64,"2024-04-19 12:43:00"
"Antipolo Monitoring Station 158",14.5722,121.1133,CALABARZON,Antipolo,"San Antonio",33.23,91.66,16.05,8.54,S,1001.82,"2024-01-15 09:26:00"
"Taytay Monitoring Station 159",14.5297,121.1993,CALABARZON,Taytay,"Barangay 2",28.74,66.37,9.83,0.44,E,1011.39,"2024-04-19 05:17:00"
"Cavite City Monitoring Station 160",14.4443,120.991,CALABARZON,"Cavite City","Sta. Ana",32.04,60.53,0,22.98,SW,1013.32,"2024-10-01 15:27:00"
"Batangas City Monitoring Station 161",13.6785,120.9953,CALABARZON,"Batangas City","San Isidro",22.26,53.27,0.45,17.56,SW,1008.76,"2024-12-27 03:18:00"
"Tanauan Monitoring Station 162",14.1533,121.122,CALABARZON,Tanauan,"Barangay 3",25.86,58.25,0,5.16,W,1010.99,"2024-03-31 00:12:00"
"Los Baños Monitoring Station 163",14.2397,121.1483,CALABARZON,"Los Baños","Sta. Ana",22.32,68.91,21.12,0.56,N,1007.02,"2024-03-12 13:54:00"
"Tagaytay Monitoring Station 164",14.148,120.9423,CALABARZON,Tagaytay,"San Miguel",33.23,52.28,22.19,21.34,SW,1012.91,"2024-12-15 19:43:00"
"Angono Monitoring Station 165",14.5076,121.1864,CALABARZON,Angono,Poblacion,33.55,92.84,0,2.52,E,1012.46,"2024-02-04 16:37:00"
"Cainta Monitoring Station 166",14.6561,121.0292,CALABARZON,Cainta,,21.47,82.16,0,2.94,SW,1018.01,"2024-01-13 00:23:00"
"Los Baños Monitoring Station 167",14.2127,121.2303,CALABARZON,"Los Baños",,33.81,93.35,0,11.59,W,1014.09,"2024-01-04 07:46:00"
"Gumaca Monitoring Station 168",13.9947,122.178,CALABARZON,Gumaca,"San Miguel",32.26,51.5,0,19.48,SE,1007.74,"2024-01-13 00:20:00"
"Santa Rosa Monitoring Station 169",14.4087,121.2147,CALABARZON,"Santa Rosa",Sampaguita,28.12,72.38,5.66,22.64,E,1004.82,"2024-05-21 16:45:00"
"Antipolo Monitoring Station 170",14.5742,121.2603,CALABARZON,Antipolo,,24.87,74.99,2.75,5.71,NW,1007.51,"2024-08-08 13:04:00"
"Los Baños Monitoring Station 171",14.1447,121.1413,CALABARZON,"Los Baños","San Antonio",29.65,92.95,0,1.96,W,1010.19,"2024-09-08 01:17:00"
"Cavite City Monitoring Station 172",14.4123,120.981,CALABARZON,"Cavite City","Sta. Cruz",21.3,77.8,0,9.96,NE,1005.09,"2024-04-06 04:22:00"
"San Pedro Monitoring Station 173",14.4327,121.131,CALABARZON,"San Pedro",,27.24,57.91,0,20.14,NE,1005.58,"2024-06-30 17:32:00"
"Bacoor Monitoring Station 174",14.4641,120.9548,CALABARZON,Bacoor,"Sta. Cruz",23.91,69.66,0,0.19,NW,1004.7,"2024-01-15 01:58:00"
"Tayabas Monitoring Station 175",13.9627,121.6403,CALABARZON,Tayabas,,29.79,80.58,0,11.8,N,1009.8,"2024-08-10 10:34:00"
"Taytay Monitoring Station 176",14.4847,121.0583,CALABARZON,Taytay,"San Roque",23.2,67.21,14.64,2.09,NE,1019.74,"2024-06-09 20:55:00"
"Santa Rosa Monitoring Station 177",14.3767,121.0747,CALABARZON,"Santa Rosa","Barangay 3",34.51,80.98,23.38,4.41,SE,1006.3,"2024-10-17 03:57:00"
"Lipa Monitoring Station 178",13.8887,121.1913,CALABARZON,Lipa,"Bagong Silang",25.55,56.98,0,13.99,S,1008.66,"2024-04-05 14:58:00"
"Dasmarinas Monitoring Station 179",14.3604,120.8987,CALABARZON,Dasmarinas,Sampaguita,29.97,58.59,0,6.51,S,1003.1,"2024-05-20 21:01:00"
"Bacoor Monitoring Station 180",14.4121,120.9738,CALABARZON,Bacoor,Villa,27.67,64.86,0,0.6,SE,1005.19,"2024-07-15 16:24:00"
"Taytay Monitoring Station 181",14.5087,121.1153,CALABARZON,Taytay,"Barangay 2",20.65,74.41,0,2.3,NE,1016.45,"2024-02-01 19:58:00"
"San Pedro Monitoring Station 182",14.3767,121.101,CALABARZON,"San Pedro","Barangay 3",20.68,71.48,0,19.84,SE,1006.76,"2024-11-29 04:10:00"
"Cainta Monitoring Station 183",14.6681,121.1422,CALABARZON,Cainta,Sampaguita,28.11,53.6,40.91,2.56,SE,1012.72,"2024-07-31 00:22:00"
"Bacoor Monitoring Station 184",14.3821,120.9238,CALABARZON,Bacoor,,27.77,52.01,48.15,19.87,NE,1007.84,"2024-07-12 16:15:00"
"Lipa Monitoring Station 185",13.9057,121.1103,CALABARZON,Lipa,"Barangay 3",27.5,79.13,39.71,21.22,E,1001.84,"2024-08-27 14:57:00"
"Dasmarinas Monitoring Station 186",14.4164,120.9137,CALABARZON,Dasmarinas,"Barangay 2",33.55,52.01,0,8.33,E,1010.71,"2024-07-06 19:41:00"
"Santa Rosa Monitoring Station 187",14.3337,121.0197,CALABARZON,"Santa Rosa","San Roque",30.49,91.64,0.49,1.24,NW,1011.44,"2024-10-30 14:15:00"
"Los Baños Monitoring Station 188",14.2447,121.2883,CALABARZON,"Los Baños",Poblacion,32.44,77.7,11.19,20.93,S,1005.43,"2024-08-12 13:01:00"
"Tayabas Monitoring Station 189",13.9227,121.4933,CALABARZON,Tayabas,"San Isidro",25.39,50.31,0,17.1,SW,1017.54,"2024-09-03 09:28:00"
"Biñan Monitoring Station 190",14.4253,121.0783,CALABARZON,Biñan,"Sta. Cruz",31.59,72.78,0,2.55,SE,1006.09,"2024-07-28 15:07:00"
"Calamba Monitoring Station 191",14.2141,121.1103,CALABARZON,Calamba,,34.96,69.24,0,20.88,SE,1004.45,"2024-07-29 12:54:00"
"Batangas City Monitoring Station 192",13.7065,121.0713,CALABARZON,"Batangas City","San Jose",22.67,66.8,0,23.25,W,1009.29,"2024-07-29 05:27:00"
"Lipa Monitoring Station 193",13.9787,121.2073,CALABARZON,Lipa,,32.75,68.14,0,0,NE,1012,"2024-02-24 22:41:00"
"Antipolo Monitoring Station 194",14.6682,121.1223,CALABARZON,Antipolo,,29.7,81.51,0,12.1,NW,1007.12,"2024-01-01 17:15:00"
"Angono Monitoring Station 195",14.4566,121.1434,CALABARZON,Angono,"San Isidro",31.55,84.76,0,5.51,NW,1015.47,"2024-02-25 12:59:00"
"Santa Rosa Monitoring Station 196",14.3637,121.1367,CALABARZON,"Santa Rosa","San Roque",22.42,65.88,0.87,9,NW,1007.04,"2024-10-22 19:01:00"
"Batangas City Monitoring Station 197",13.7985,121.1313,CALABARZON,"Batangas City",Sampaguita,21.21,64.91,27.17,13.46,W,1001.85,"2024-05-30 10:09:00"
"Lucena Monitoring Station 198",13.8423,121.7077,CALABARZON,Lucena,,29.75,81.75,0,18.13,W,1018.39,"2024-05-15 11:44:00"
"Batangas City Monitoring Station 199",13.7755,120.9663,CALABARZON,"Batangas City",,33.24,88.28,27.49,20.7,S,1006.9,"2024-07-27 16:28:00"
"Taytay Monitoring Station 200",14.5167,121.2263,CALABARZON,Taytay,"San Isidro",26.73,79.97,31.3,23.72,S,1012.41,"2024-04-23 17:28:00"
"Lucena Monitoring Station 201",13.9993,121.7047,CALABARZON,Lucena,"Sta. Maria",25.42,64.1,5.9,9.39,SE,1003.67,"2024-01-09 07:40:00"
"Tayabas Monitoring Station 202",14.0537,121.5833,CALABARZON,Tayabas,"Sta. Cruz",30.45,63.48,25.42,20.46,NW,1004.01,"2024-03-06 02:43:00"
"Cainta Monitoring Station 203",14.5921,121.1472,CALABARZON,Cainta,"Sta. Maria",34.98,67.05,8.51,16.43,SE,1016.39,"2024-07-14 08:30:00"
"Cavite City Monitoring Station 204",14.5063,120.865,CALABARZON,"Cavite City","San Antonio",29.38,87.84,0,12.65,NW,1013.34,"2024-03-23 06:40:00"
"Los Baños Monitoring Station 205",14.0787,121.2583,CALABARZON,"Los Baños","San Isidro",24.24,91.83,0,23.89,SW,1005.47,"2024-02-05 09:41:00"
"Los Baños Monitoring Station 206",14.2467,121.2163,CALABARZON,"Los Baños","San Miguel",33.85,59.37,43.26,19.87,NE,1019.06,"2024-11-13 17:19:00"
"Cainta Monitoring Station 207",14.5781,121.0292,CALABARZON,Cainta,Sampaguita,26.98,79.19,0,11.92,S,1000,"2024-04-03 20:50:00"
"Calamba Monitoring Station 208",14.2811,121.2033,CALABARZON,Calamba,"Sta. Cruz",31.66,91.93,43,1.22,NW,1000.66,"2024-08-26 14:34:00"
"Cavite City Monitoring Station 209",14.5473,120.809,CALABARZON,"Cavite City",,29.36,57.54,0,16.6,NW,1016.31,"2024-01-16 08:04:00"
"Lipa Monitoring Station 210",14.0307,121.1213,CALABARZON,Lipa,"San Miguel",20.93,87.72,0,24.72,NE,1002.17,"2024-08-06 21:30:00"
"Taytay Monitoring Station 211",14.4777,121.1593,CALABARZON,Taytay,"Barangay 1",22.38,62.62,31.74,22.96,NE,1016.15,"2024-09-11 23:32:00"
"Biñan Monitoring Station 212",14.2563,121.1403,CALABARZON,Biñan,Poblacion,27.31,83.55,18.92,8.64,S,1018.1,"2024-01-12 04:59:00"
"Lipa Monitoring Station 213",14.0027,121.2283,CALABARZON,Lipa,"Bagong Silang",32.7,88.99,0,20.54,NE,1007.84,"2024-10-05 18:54:00"
"Lucena Monitoring Station 214",13.9973,121.5867,CALABARZON,Lucena,,20.31,70.98,13.08,14.38,SW,1017.17,"2024-04-22 00:28:00"
"Batangas City Monitoring Station 215",13.8135,121.0843,CALABARZON,"Batangas City",Villa,34.2,58.58,24.86,18.82,SE,1019.83,"2024-04-16 00:31:00"
"Lipa Monitoring Station 216",13.9697,121.1213,CALABARZON,Lipa,"Barangay 1",29.83,60.98,18.67,11.89,NE,1008.92,"2024-05-11 22:17:00"
"Cavite City Monitoring Station 217",14.5563,120.943,CALABARZON,"Cavite City","Barangay 3",22.32,59.06,0,17.07,SE,1001.72,"2024-02-07 17:40:00"
"Lipa Monitoring Station 218",13.9627,121.1623,CALABARZON,Lipa,"Barangay 2",29.89,50.37,37.52,2.14,SE,1002.87,"2024-09-07 17:19:00"
"Bacoor Monitoring Station 219",14.3601,121.0238,CALABARZON,Bacoor,,26.11,55.66,0,24.99,SW,1002.78,"2024-01-01 07:02:00"
"Lucena Monitoring Station 220",13.8723,121.6777,CALABARZON,Lucena,"Sta. Ana",31.65,73.76,11.45,4.13,N,1017.04,"2024-05-06 04:19:00"
"Lucena Monitoring Station 221",13.8353,121.6487,CALABARZON,Lucena,"Barangay 3",22.71,85.27,0,1.93,W,1007.17,"2024-10-20 18:28:00"
"Tagaytay Monitoring Station 222",14.12,120.9723,CALABARZON,Tagaytay,"Sta. Maria",28.89,53.13,24.29,16.78,NW,1011.07,"2024-12-13 05:41:00"
"Calamba Monitoring Station 223",14.1581,121.1503,CALABARZON,Calamba,"San Isidro",22.03,92.06,9.02,22.74,N,1011.58,"2024-12-13 07:47:00"
"Cavite City Monitoring Station 224",14.5093,120.991,CALABARZON,"Cavite City",,28.28,78.12,0,14.52,N,1009.22,"2024-04-08 05:23:00"
"Batangas City Monitoring Station 225",13.8355,120.9813,CALABARZON,"Batangas City","Sta. Ana",25.44,85.65,45.86,4.22,S,1003.99,"2024-12-19 05:45:00"
"Santa Rosa Monitoring Station 226",14.2277,121.1097,CALABARZON,"Santa Rosa","Barangay 1",26.01,66.07,0,5.61,E,1005.78,"2024-08-31 19:05:00"
"Tagaytay Monitoring Station 227",14.031,120.8403,CALABARZON,Tagaytay,,24.3,55.06,0,24.28,N,1005.72,"2024-12-26 13:11:00"
"Los Baños Monitoring Station 228",14.1407,121.1413,CALABARZON,"Los Baños","San Isidro",29.54,87.03,16.63,14.92,W,1013.44,"2024-01-28 07:42:00"
"Lipa Monitoring Station 229",13.8807,121.2483,CALABARZON,Lipa,Poblacion,31.08,53.99,0,7.32,SW,1005.46,"2024-10-01 08:41:00"
"Tanauan Monitoring Station 230",14.0753,121.226,CALABARZON,Tanauan,,20.46,67.61,0,17.28,NE,1012.07,"2024-03-12 10:37:00"
"San Pedro Monitoring Station 231",14.3527,121.124,CALABARZON,"San Pedro","San Miguel",23.57,89.74,0,13.5,SW,1005.31,"2024-10-26 09:43:00"
"Imus Monitoring Station 232",14.5037,121.0117,CALABARZON,Imus,Sampaguita,20.62,75.66,0,15.49,E,1009.69,"2024-01-17 14:03:00"
"Dasmarinas Monitoring Station 233",14.3724,120.8957,CALABARZON,Dasmarinas,"Sta. Maria",32.11,92.32,0,7.72,E,1008.53,"2024-03-11 23:31:00"
"Gumaca Monitoring Station 234",13.8907,122.09,CALABARZON,Gumaca,"San Isidro",31.04,50.58,46.14,22.56,NE,1012.54,"2024-08-24 06:46:00"
"Tagaytay Monitoring Station 235",14.049,121.0133,CALABARZON,Tagaytay,"San Jose",30.92,66.83,35.87,19.62,SW,1011.67,"2024-04-13 10:31:00"
"Tayabas Monitoring Station 236",13.9427,121.5223,CALABARZON,Tayabas,"San Roque",23.49,55.21,19.89,6.82,W,1005.14,"2024-01-16 06:05:00"
"San Pedro Monitoring Station 237",14.4357,121.052,CALABARZON,"San Pedro","Sta. Maria",32.72,54.63,0,14.65,E,1015.45,"2024-08-12 14:35:00"
"Cavite City Monitoring Station 238",14.4663,120.96,CALABARZON,"Cavite City","Bagong Silang",27.71,92.33,49.4,19.76,S,1017.6,"2024-07-16 05:54:00"
"Imus Monitoring Station 239",14.3517,121.0207,CALABARZON,Imus,Sampaguita,21.33,92.31,36.67,24.16,SW,1006.6,"2024-12-25 08:01:00"
"Dasmarinas Monitoring Station 240",14.3784,120.9927,CALABARZON,Dasmarinas,"San Jose",34.18,79.04,15.31,6.35,NW,1010.94,"2024-01-23 04:07:00"
"Gumaca Monitoring Station 241",13.8487,122.171,CALABARZON,Gumaca,"San Roque",32.92,71.93,41.06,3.3,SW,1007.77,"2024-11-26 07:52:00"
"San Pedro Monitoring Station 242",14.4627,121.118,CALABARZON,"San Pedro",,29.85,78.43,0,3.02,SW,1018.01,"2024-04-21 06:12:00"
"Angono Monitoring Station 243",14.5346,121.1274,CALABARZON,Angono,"San Miguel",26.59,81.24,20.13,18.2,SW,1004.29,"2024-09-16 02:05:00"
"Tagaytay Monitoring Station 244",14.024,120.8663,CALABARZON,Tagaytay,,34.06,60.04,0,17.57,W,1007.87,"2024-09-27 05:02:00"
"Cavite City Monitoring Station 245",14.4143,120.965,CALABARZON,"Cavite City","San Isidro",32.13,93.53,0,20.58,N,1019.83,"2024-06-18 22:46:00"
"Taytay Monitoring Station 246",14.5327,121.0553,CALABARZON,Taytay,Sampaguita,33.66,87.99,0,13.9,SW,1016.9,"2024-03-24 20:58:00"
"Cavite City Monitoring Station 247",14.4813,120.997,CALABARZON,"Cavite City",,34.65,86.77,0,13.53,E,1007.97,"2024-07-11 03:28:00"
"Gumaca Monitoring Station 248",13.8637,122.048,CALABARZON,Gumaca,"Sta. Maria",31.14,59.17,48.91,20.63,W,1006.63,"2024-03-16 08:44:00"
"Tayabas Monitoring Station 249",13.9747,121.6273,CALABARZON,Tayabas,"San Isidro",22.75,89.58,46.74,13.6,N,1017.66,"2024-12-18 14:20:00"
"Bacoor Monitoring Station 250",14.4951,120.8678,CALABARZON,Bacoor,,34.01,67.76,37.86,12.99,SE,1005.23,"2024-04-12 06:15:00"
"Gumaca Monitoring Station 251",13.9547,122.036,CALABARZON,Gumaca,,21.8,72.46,34.64,7.77,SW,1013.91,"2024-07-31 21:43:00"
"Antipolo Monitoring Station 252",14.6192,121.2463,CALABARZON,Antipolo,,20.05,65.02,0,24.28,SE,1006.44,"2024-06-19 13:02:00"
"Biñan Monitoring Station 253",14.2743,121.0183,CALABARZON,Biñan,"San Miguel",25.74,67.23,32.2,10.38,N,1005.42,"2024-05-03 23:59:00"
"Imus Monitoring Station 254",14.5067,120.8667,CALABARZON,Imus,"Barangay 3",32.71,64.57,43.8,6.52,NW,1002.98,"2024-07-20 22:49:00"
"Lipa Monitoring Station 255",14.0417,121.1093,CALABARZON,Lipa,Sampaguita,31.39,93.45,37.73,13.84,W,1010.56,"2024-07-20 11:59:00"
"Gumaca Monitoring Station 256",13.9287,122.181,CALABARZON,Gumaca,Villa,32.11,57.38,11.3,7.96,SE,1018.96,"2024-01-17 15:00:00"
"Dasmarinas Monitoring Station 257",14.3444,121.0047,CALABARZON,Dasmarinas,"San Roque",34.03,93.67,0,23.24,SE,1002.16,"2024-09-07 17:27:00"
"Batangas City Monitoring Station 258",13.8265,121.0203,CALABARZON,"Batangas City","San Roque",30.29,56.07,45.39,8.22,SE,1013.49,"2024-04-30 21:13:00"
"Tayabas Monitoring Station 259",13.9987,121.6733,CALABARZON,Tayabas,"Barangay 1",26.29,81.34,0,15.81,E,1004.44,"2024-03-30 16:53:00"
"Batangas City Monitoring Station 260",13.6755,121.1433,CALABARZON,"Batangas City","Bagong Silang",27.18,57.04,0,1.95,W,1000.33,"2024-12-06 12:30:00"
"Cavite City Monitoring Station 261",14.4543,120.959,CALABARZON,"Cavite City","Barangay 3",24.83,88.2,0,16.78,NE,1014.72,"2024-06-14 21:51:00"
"Tanauan Monitoring Station 262",14.0123,121.176,CALABARZON,Tanauan,Poblacion,22.79,67.07,20.4,0.12,NW,1018.1,"2024-01-24 15:12:00"
"Angono Monitoring Station 263",14.4956,121.1684,CALABARZON,Angono,"San Isidro",28.56,92.43,16.71,2.18,N,1008.79,"2024-05-13 22:48:00"
"Angono Monitoring Station 264",14.5286,121.1374,CALABARZON,Angono,Villa,28.71,80.52,0,17.62,SW,1014.85,"2024-09-07 11:32:00"
"Biñan Monitoring Station 265",14.4123,121.1573,CALABARZON,Biñan,"San Miguel",22.93,65.41,13.18,10.8,SE,1019.7,"2024-10-23 21:39:00"
"Gumaca Monitoring Station 266",13.9807,122.042,CALABARZON,Gumaca,,31.87,84.06,25.05,16.72,N,1008.46,"2024-06-16 09:59:00"
"Tagaytay Monitoring Station 267",14.173,120.9653,CALABARZON,Tagaytay,,32.44,80.68,0,13.19,W,1007.67,"2024-11-07 12:48:00"
"Gumaca Monitoring Station 268",13.9997,122.067,CALABARZON,Gumaca,"San Isidro",29.48,78.51,37.66,0.02,N,1016.35,"2024-12-16 07:22:00"
"Tagaytay Monitoring Station 269",14.028,121.0303,CALABARZON,Tagaytay,"San Miguel",25.48,51.95,0,10.45,N,1017.07,"2024-08-07 13:48:00"
"Imus Monitoring Station 270",14.4817,120.8797,CALABARZON,Imus,,33.53,69.44,0,12.78,SW,1009.07,"2024-03-20 15:55:00"
"Santa Rosa Monitoring Station 271",14.3117,121.1277,CALABARZON,"Santa Rosa","Sta. Maria",21.45,80.7,0,13.42,NW,1004.04,"2024-07-27 08:54:00"
"Cavite City Monitoring Station 272",14.4753,120.988,CALABARZON,"Cavite City","Bagong Silang",30.35,87.03,0,23.68,N,1010.7,"2024-08-01 23:36:00"
"Los Baños Monitoring Station 273",14.0777,121.1513,CALABARZON,"Los Baños","Sta. Ana",26.64,72.9,46.49,10.4,E,1008.29,"2024-02-23 16:15:00"
"Cainta Monitoring Station 274",14.5101,121.2132,CALABARZON,Cainta,"San Jose",33.8,70.19,0,13.1,N,1000.31,"2024-06-15 17:16:00"
"Tayabas Monitoring Station 275",14.0307,121.6803,CALABARZON,Tayabas,"San Jose",29.87,94.96,0,16.4,SW,1005.7,"2024-08-03 01:00:00"
"Calamba Monitoring Station 276",14.2441,121.2483,CALABARZON,Calamba,"Barangay 3",26.04,65.9,0,9.01,NW,1009.62,"2024-10-01 03:48:00"
"Antipolo Monitoring Station 277",14.5322,121.1353,CALABARZON,Antipolo,"Sta. Cruz",20.78,91.11,20.4,0.36,N,1014.57,"2024-07-03 04:15:00"
"Calamba Monitoring Station 278",14.1511,121.1273,CALABARZON,Calamba,"Barangay 3",28.29,89.02,0,12.98,SE,1008.85,"2024-08-28 10:13:00"
"Dasmarinas Monitoring Station 279",14.4254,121.0107,CALABARZON,Dasmarinas,"Sta. Cruz",24.52,53.64,31.79,2.1,SE,1016.63,"2024-09-25 21:35:00"
"Taytay Monitoring Station 280",14.4717,121.1073,CALABARZON,Taytay,"San Miguel",29.95,74.97,13.59,11.57,NE,1012.11,"2024-02-19 08:23:00"
"Cainta Monitoring Station 281",14.6071,121.1412,CALABARZON,Cainta,"Sta. Cruz",30.97,86,0,5.23,W,1001.54,"2024-09-10 10:49:00"
"Lucena Monitoring Station 282",13.8453,121.6517,CALABARZON,Lucena,"Barangay 3",22.06,55.37,0,11.75,SW,1001.49,"2024-11-17 18:13:00"
"Cainta Monitoring Station 283",14.5521,121.0772,CALABARZON,Cainta,,30.51,68.25,0,19.77,W,1012.93,"2024-11-21 00:56:00"
"Cavite City Monitoring Station 284",14.5473,120.813,CALABARZON,"Cavite City","Bagong Silang",30.1,58.32,0,9.64,SW,1006.85,"2024-04-02 06:08:00"
"Calamba Monitoring Station 285",14.2531,121.1123,CALABARZON,Calamba,,20.61,79.56,41.03,2.93,E,1016.06,"2024-08-07 05:13:00"
"Batangas City Monitoring Station 286",13.7375,121.1373,CALABARZON,"Batangas City","San Antonio",22.64,88.13,0,23.73,E,1005.56,"2024-10-21 17:19:00"
"Tanauan Monitoring Station 287",14.0593,121.246,CALABARZON,Tanauan,"San Isidro",20.8,92.79,0,16.34,SE,1013.26,"2024-04-29 19:46:00"
"Lipa Monitoring Station 288",13.8537,121.1063,CALABARZON,Lipa,,30.62,74.76,0,18.54,SE,1017.56,"2024-05-31 11:54:00"
"Cainta Monitoring Station 289",14.5911,121.1812,CALABARZON,Cainta,"Barangay 3",34.01,56.62,0,21.69,NW,1010.62,"2024-06-06 23:21:00"
"Los Baños Monitoring Station 290",14.1237,121.2173,CALABARZON,"Los Baños",Poblacion,32.53,51.83,0,11.23,NE,1010.84,"2024-08-13 10:48:00"
"Cavite City Monitoring Station 291",14.5713,120.917,CALABARZON,"Cavite City",,33.67,85.86,30.13,18.18,E,1008.54,"2024-07-05 15:04:00"
"Dasmarinas Monitoring Station 292",14.4064,120.8587,CALABARZON,Dasmarinas,Poblacion,31.66,89.79,49.53,21.54,NW,1006.89,"2024-05-05 06:35:00"
"Tayabas Monitoring Station 293",14.0787,121.5533,CALABARZON,Tayabas,"San Antonio",22.81,69.05,44.08,20.16,S,1013.62,"2024-11-05 06:41:00"
"Los Baños Monitoring Station 294",14.2017,121.1573,CALABARZON,"Los Baños",,22.17,51.01,0,15.23,SE,1002.54,"2024-12-06 04:07:00"
"Imus Monitoring Station 295",14.4137,121.0147,CALABARZON,Imus,"San Roque",28.5,58.74,12.73,12.59,NE,1011.01,"2024-02-19 04:46:00"
"Antipolo Monitoring Station 296",14.4942,121.2503,CALABARZON,Antipolo,Poblacion,22.13,56.96,11.67,24.14,SE,1010.81,"2024-02-10 02:42:00"
"Taytay Monitoring Station 297",14.6417,121.1953,CALABARZON,Taytay,"San Jose",29.39,78.99,0,24.06,SE,1016.17,"2024-05-06 03:22:00"
"Taytay Monitoring Station 298",14.6487,121.2163,CALABARZON,Taytay,,20.2,71.47,35.28,17.09,N,1001.98,"2024-12-01 19:31:00"
"Dasmarinas Monitoring Station 299",14.2914,120.8597,CALABARZON,Dasmarinas,"Bagong Silang",33.7,77.54,27.49,1.04,N,1000.77,"2024-03-01 08:43:00"
"Bacoor Monitoring Station 300",14.5551,120.9188,CALABARZON,Bacoor,"San Antonio",21.15,77.12,0,23.82,NW,1005.76,"2024-03-23 01:21:00"
"San Pedro Monitoring Station 301",14.4037,121.136,CALABARZON,"San Pedro","San Roque",28.57,70.28,21.86,23.28,N,1011.16,"2024-07-21 11:11:00"
"Dasmarinas Monitoring Station 302",14.3704,120.9647,CALABARZON,Dasmarinas,"San Roque",34.87,91.3,0,8.62,S,1018.56,"2024-06-11 06:11:00"
"Los Baños Monitoring Station 303",14.1437,121.2393,CALABARZON,"Los Baños","Barangay 3",20.85,55,0,4.98,SW,1005.36,"2024-05-14 15:31:00"
"Los Baños Monitoring Station 304",14.2107,121.2153,CALABARZON,"Los Baños","San Roque",25.02,59.73,0,7.42,N,1013.28,"2024-03-05 06:41:00"
"Tanauan Monitoring Station 305",14.1213,121.055,CALABARZON,Tanauan,"Barangay 1",26.42,83.46,39.78,18.08,NW,1018.82,"2024-05-25 07:54:00"
"San Pedro Monitoring Station 306",14.4357,121,CALABARZON,"San Pedro","Bagong Silang",23.43,74.03,0,3.37,S,1000.4,"2024-05-23 08:07:00"
"Santa Rosa Monitoring Station 307",14.2307,121.1957,CALABARZON,"Santa Rosa","San Miguel",28.72,87.4,4.68,1.75,N,1009.1,"2024-07-05 04:35:00"
"Tanauan Monitoring Station 308",14.1423,121.18,CALABARZON,Tanauan,"Barangay 3",25.4,65.52,0,10.41,S,1002.24,"2024-04-01 14:22:00"
"Tanauan Monitoring Station 309",14.1343,121.248,CALABARZON,Tanauan,"San Jose",22.25,59.36,0,12.54,W,1012.95,"2024-06-20 23:05:00"
"Lucena Monitoring Station 310",13.9123,121.6747,CALABARZON,Lucena,"Sta. Cruz",27.75,87.63,24,22.87,SE,1011.05,"2024-01-01 10:52:00"
"Antipolo Monitoring Station 311",14.5782,121.1893,CALABARZON,Antipolo,"Sta. Cruz",26.37,53.48,0,11.48,S,1014.52,"2024-08-22 05:08:00"
"Dasmarinas Monitoring Station 312",14.3644,120.8857,CALABARZON,Dasmarinas,Poblacion,29.79,61.29,0,22.28,NE,1008.91,"2024-10-24 04:42:00"
"Tagaytay Monitoring Station 313",14.119,120.8563,CALABARZON,Tagaytay,"Barangay 2",21.67,79.47,12.47,15.93,E,1010.66,"2024-02-15 02:46:00"
"Biñan Monitoring Station 314",14.3883,121.0753,CALABARZON,Biñan,"San Isidro",29.46,62.51,7.17,18.86,S,1003.2,"2024-08-01 14:47:00"
"Tanauan Monitoring Station 315",14.1553,121.151,CALABARZON,Tanauan,"Sta. Cruz",28.5,87.93,3.78,10.05,N,1005.88,"2024-10-23 01:07:00"
"Tayabas Monitoring Station 316",14.0697,121.5183,CALABARZON,Tayabas,Poblacion,29.01,58.63,0,1.21,N,1003.03,"2024-12-01 15:48:00"
"Batangas City Monitoring Station 317",13.7575,121.0293,CALABARZON,"Batangas City","Barangay 3",27.29,68.46,0,2.07,SW,1000.31,"2024-03-01 20:29:00"
"Angono Monitoring Station 318",14.5646,121.0794,CALABARZON,Angono,"Barangay 2",25.85,91.72,0,10.63,SE,1014.12,"2024-08-22 09:02:00"
"Imus Monitoring Station 319",14.4877,120.9517,CALABARZON,Imus,"Bagong Silang",27.45,83.05,46.15,16.17,SW,1003.94,"2024-05-15 23:01:00"
"Tagaytay Monitoring Station 320",14.096,120.8783,CALABARZON,Tagaytay,,26.26,82.58,0.34,13.91,W,1015.26,"2024-01-07 18:26:00"
"Tagaytay Monitoring Station 321",14.175,120.8573,CALABARZON,Tagaytay,"Sta. Cruz",26.05,84.77,0,7.79,S,1019.41,"2024-03-24 13:42:00"
"Tanauan Monitoring Station 322",14.1803,121.11,CALABARZON,Tanauan,,20.52,55.68,1.17,20.13,E,1012.99,"2024-08-21 02:03:00"
"Cainta Monitoring Station 323",14.5181,121.1932,CALABARZON,Cainta,"San Roque",22.96,69.6,0,4.86,SE,1006.61,"2024-11-16 19:24:00"
"Bacoor Monitoring Station 324",14.5131,120.9408,CALABARZON,Bacoor,Poblacion,31.48,92.31,0,20.7,W,1011.18,"2024-08-21 23:43:00"
"Cainta Monitoring Station 325",14.5441,121.0882,CALABARZON,Cainta,Villa,33.79,85.85,8.12,24.64,SE,1005.52,"2024-09-19 09:40:00"
"Calamba Monitoring Station 326",14.1771,121.2413,CALABARZON,Calamba,"Bagong Silang",34.38,79.48,34.79,20.83,N,1000.95,"2024-11-05 19:30:00"
"Batangas City Monitoring Station 327",13.7625,121.0783,CALABARZON,"Batangas City","Barangay 3",24.47,72.32,31.95,24.86,NW,1017.97,"2024-10-03 02:54:00"
"San Pedro Monitoring Station 328",14.3007,121.026,CALABARZON,"San Pedro",,25.13,68.57,0,22.14,E,1019.71,"2024-07-08 15:24:00"
"Santa Rosa Monitoring Station 329",14.3687,121.1347,CALABARZON,"Santa Rosa","San Antonio",28.62,66.91,0,18.09,NE,1002.62,"2024-02-16 20:11:00"
"Calamba Monitoring Station 330",14.2941,121.2413,CALABARZON,Calamba,,26.09,71.57,0,12.49,SW,1012.79,"2024-07-06 02:51:00"
"Dasmarinas Monitoring Station 331",14.2894,120.8497,CALABARZON,Dasmarinas,"Sta. Maria",32.37,89.7,27.09,13.69,E,1008.04,"2024-02-23 13:15:00"
"Lucena Monitoring Station 332",13.9643,121.6907,CALABARZON,Lucena,Villa,25.97,71.35,0,21.73,W,1013.9,"2024-09-01 16:21:00"
"Angono Monitoring Station 333",14.4646,121.2214,CALABARZON,Angono,"Sta. Ana",30.17,61.58,0,21,SE,1010.07,"2024-10-04 08:19:00"
"Cainta Monitoring Station 334",14.5021,121.1772,CALABARZON,Cainta,,29.35,78.44,0,19.23,NW,1011.59,"2024-05-25 10:34:00"
"Cainta Monitoring Station 335",14.6021,121.0492,CALABARZON,Cainta,"San Roque",27.29,62.85,16.58,5.95,NE,1007.36,"2024-02-28 06:11:00"
"Dasmarinas Monitoring Station 336",14.3494,120.9607,CALABARZON,Dasmarinas,,30.75,58.37,31.71,2.53,W,1006.19,"2024-08-03 15:35:00"
"Gumaca Monitoring Station 337",14.0137,122.147,CALABARZON,Gumaca,,20.22,61.03,0,2.02,NE,1005.63,"2024-08-30 05:55:00"
"Antipolo Monitoring Station 338",14.6312,121.1713,CALABARZON,Antipolo,,29.67,86.16,2.55,19.14,SE,1000.22,"2024-08-23 09:36:00"
"Calamba Monitoring Station 339",14.2811,121.2213,CALABARZON,Calamba,"San Miguel",30.4,51.65,33.76,15.27,NW,1017,"2024-10-05 10:14:00"
"Angono Monitoring Station 340",14.5426,121.2154,CALABARZON,Angono,"Barangay 3",32.76,68.49,46.27,18.81,NE,1010.36,"2024-05-25 19:32:00"
"Imus Monitoring Station 341",14.5187,120.9007,CALABARZON,Imus,"San Miguel",20.53,86.97,0,12.36,SE,1019.46,"2024-06-24 00:30:00"
"Bacoor Monitoring Station 342",14.4951,120.8448,CALABARZON,Bacoor,"Barangay 1",31.34,77.79,33.14,7.16,NE,1010.28,"2024-11-02 00:10:00"
"Lipa Monitoring Station 343",14.0317,121.1603,CALABARZON,Lipa,Villa,30.2,89.78,0,22.19,SE,1015.93,"2024-03-08 03:56:00"
"Taytay Monitoring Station 344",14.5917,121.0483,CALABARZON,Taytay,Poblacion,21.12,77.81,0,22.45,E,1018.43,"2024-09-05 04:09:00"
"Dasmarinas Monitoring Station 345",14.2314,121.0137,CALABARZON,Dasmarinas,"Sta. Ana",21.56,84.98,0,6.28,S,1010.77,"2024-03-11 20:24:00"
"San Pedro Monitoring Station 346",14.3257,121.078,CALABARZON,"San Pedro","Sta. Cruz",24.5,88.64,39.86,21.38,NW,1005.83,"2024-11-06 05:56:00"
"San Pedro Monitoring Station 347",14.2837,120.992,CALABARZON,"San Pedro","Sta. Cruz",33.84,84.16,0,18.45,NW,1005.37,"2024-06-08 07:45:00"
"Lipa Monitoring Station 348",13.9597,121.1783,CALABARZON,Lipa,,28.55,70.13,0,15.51,W,1017.24,"2024-12-21 17:41:00"
"Tagaytay Monitoring Station 349",14.091,120.8663,CALABARZON,Tagaytay,,30.59,88.22,25.14,4.87,S,1000.53,"2024-07-07 06:55:00"
"Los Baños Monitoring Station 350",14.1597,121.2263,CALABARZON,"Los Baños","San Roque",34.82,82.29,20.12,21.35,S,1001.51,"2024-02-23 20:24:00"
"Cavite City Monitoring Station 351",14.5573,120.888,CALABARZON,"Cavite City","Barangay 1",29.36,63.19,0,4.01,E,1003.7,"2024-09-28 15:55:00"
"Biñan Monitoring Station 352",14.2523,121.0853,CALABARZON,Biñan,"San Miguel",27.3,89.5,0,2.83,N,1013.56,"2024-12-08 07:35:00"
"Cavite City Monitoring Station 353",14.5563,120.857,CALABARZON,"Cavite City","Sta. Maria",29.31,53.96,0,23.69,E,1011.35,"2024-12-27 15:12:00"
"Taytay Monitoring Station 354",14.6027,121.2223,CALABARZON,Taytay,"Barangay 1",28.73,75.74,0,20.48,NE,1015.73,"2024-07-06 19:00:00"
"Lucena Monitoring Station 355",14.0003,121.7087,CALABARZON,Lucena,Poblacion,24.72,77.51,12.34,14.93,W,1003.97,"2024-08-01 02:08:00"
"Cainta Monitoring Station 356",14.6391,121.0442,CALABARZON,Cainta,"Bagong Silang",25.14,90.69,0,10.47,NE,1010.03,"2024-09-12 20:02:00"
"Dasmarinas Monitoring Station 357",14.3384,120.9767,CALABARZON,Dasmarinas,"Bagong Silang",29.55,85.19,0,17.92,S,1017.05,"2024-09-05 08:42:00"
"Tayabas Monitoring Station 358",13.9517,121.5473,CALABARZON,Tayabas,"Sta. Maria",26.56,93.27,36.71,9.74,SE,1009.79,"2024-10-15 09:37:00"
"Taytay Monitoring Station 359",14.5157,121.0933,CALABARZON,Taytay,Sampaguita,22.76,63.43,0,16.98,N,1018.33,"2024-08-15 12:09:00"
"Batangas City Monitoring Station 360",13.7195,121.0583,CALABARZON,"Batangas City","Bagong Silang",31.91,58.04,0,18.13,S,1016.66,"2024-05-24 01:47:00"
"Los Baños Monitoring Station 361",14.1137,121.2243,CALABARZON,"Los Baños",Sampaguita,23,74.9,0,17.72,W,1018.28,"2024-06-05 06:57:00"
"San Pedro Monitoring Station 362",14.4567,120.994,CALABARZON,"San Pedro","Sta. Cruz",27.39,85.35,0,0.64,N,1010.53,"2024-03-30 21:52:00"
"Tanauan Monitoring Station 363",14.1293,121.196,CALABARZON,Tanauan,,31.13,50.83,21.72,24.05,NW,1017.79,"2024-05-31 17:41:00"
"Bacoor Monitoring Station 364",14.3811,121.0098,CALABARZON,Bacoor,,24,62.58,33.43,20.21,SE,1002.4,"2024-06-04 19:38:00"
"Bacoor Monitoring Station 365",14.4361,121.0108,CALABARZON,Bacoor,"San Roque",33.79,63.47,20.56,1.06,W,1016.24,"2024-03-28 23:32:00"
"Lucena Monitoring Station 366",13.9473,121.6407,CALABARZON,Lucena,"Sta. Maria",21.06,72.7,0,8.78,E,1005.25,"2024-10-25 19:50:00"
"Antipolo Monitoring Station 367",14.6842,121.2323,CALABARZON,Antipolo,,26.1,63.26,17.92,17.56,S,1014.69,"2024-02-17 10:36:00"
"Los Baños Monitoring Station 368",14.1647,121.1893,CALABARZON,"Los Baños","Barangay 2",29.25,67.64,0,3.48,NW,1007.95,"2024-12-22 08:36:00"
"Lucena Monitoring Station 369",14.0193,121.5417,CALABARZON,Lucena,"San Roque",21.26,56.89,0,3.9,W,1014.27,"2024-06-23 02:21:00"
"Batangas City Monitoring Station 370",13.7035,121.0613,CALABARZON,"Batangas City",,30.37,83.11,0,14.2,NW,1014.3,"2024-09-18 00:11:00"
"Bacoor Monitoring Station 371",14.5351,120.9408,CALABARZON,Bacoor,Poblacion,30.98,62.6,0,16.86,NE,1009.27,"2024-03-20 20:23:00"
"Tanauan Monitoring Station 372",13.9973,121.175,CALABARZON,Tanauan,Poblacion,34.43,88.84,0,20.73,NE,1019.23,"2024-09-10 19:36:00"
"Biñan Monitoring Station 373",14.2853,121.0223,CALABARZON,Biñan,"Barangay 2",24.69,79.44,0,6.05,NE,1000.93,"2024-06-17 22:14:00"
"Calamba Monitoring Station 374",14.1981,121.1603,CALABARZON,Calamba,"San Isidro",24.68,90.44,0,11.91,E,1010.1,"2024-08-18 12:30:00"
"Tayabas Monitoring Station 375",14.0527,121.6713,CALABARZON,Tayabas,"San Roque",32.13,90.74,0,3.59,SW,1002.64,"2024-03-13 11:41:00"
"Angono Monitoring Station 376",14.5106,121.2364,CALABARZON,Angono,Villa,34.49,62.63,11.6,1.06,E,1015.37,"2024-05-06 21:02:00"
"Taytay Monitoring Station 377",14.5367,121.0573,CALABARZON,Taytay,,30.42,62.86,0,11.68,NW,1000.24,"2024-09-21 07:19:00"
"Lucena Monitoring Station 378",13.9613,121.5967,CALABARZON,Lucena,,30.94,72.53,0,2.96,W,1012.42,"2024-11-08 15:45:00"
"Santa Rosa Monitoring Station 379",14.3807,121.0377,CALABARZON,"Santa Rosa","Sta. Cruz",34.02,84.76,20.88,14.49,S,1013.08,"2024-04-19 13:56:00"
"Dasmarinas Monitoring Station 380",14.4014,120.9237,CALABARZON,Dasmarinas,"San Roque",22.29,80.12,48.8,21.59,NW,1016.29,"2024-11-03 12:56:00"
"Tayabas Monitoring Station 381",13.9607,121.5103,CALABARZON,Tayabas,"San Jose",32.56,94.33,48.27,19.62,NE,1006,"2024-09-12 07:14:00"
"Gumaca Monitoring Station 382",13.9017,122.029,CALABARZON,Gumaca,,27.82,85.17,0,12.2,E,1017.67,"2024-09-17 08:22:00"
"Santa Rosa Monitoring Station 383",14.4167,121.0727,CALABARZON,"Santa Rosa","San Antonio",21.49,51.31,0,9.11,SE,1011.94,"2024-04-18 18:17:00"
"Los Baños Monitoring Station 384",14.1237,121.2113,CALABARZON,"Los Baños","Sta. Maria",20.43,90.65,42.74,6.02,W,1001.03,"2024-08-26 12:26:00"
"Biñan Monitoring Station 385",14.2753,121.0113,CALABARZON,Biñan,"Sta. Maria",32.36,91.72,0,4.42,NE,1002.02,"2024-02-08 23:16:00"
"Biñan Monitoring Station 386",14.3683,121.0603,CALABARZON,Biñan,"San Isidro",26.87,64.04,43.58,11.53,W,1000.01,"2024-05-09 02:03:00"
"Bacoor Monitoring Station 387",14.4091,121.0198,CALABARZON,Bacoor,Villa,24.84,52.3,23.37,4.78,SW,1014.13,"2024-10-03 03:17:00"
"Calamba Monitoring Station 388",14.1651,121.1403,CALABARZON,Calamba,Poblacion,22.02,62.7,0,2.18,S,1010.4,"2024-06-07 15:42:00"
"Lipa Monitoring Station 389",14.0257,121.1753,CALABARZON,Lipa,"San Miguel",34.8,68.31,0,13.34,SE,1007.55,"2024-07-19 05:23:00"
"Tanauan Monitoring Station 390",13.9863,121.177,CALABARZON,Tanauan,,22.17,91.09,0,1.33,SW,1014.15,"2024-10-08 06:28:00"
"Calamba Monitoring Station 391",14.2741,121.1603,CALABARZON,Calamba,"Sta. Ana",22.76,66.21,7.04,6.04,NE,1009.19,"2024-07-07 14:49:00"
"Antipolo Monitoring Station 392",14.5692,121.0903,CALABARZON,Antipolo,"San Antonio",22.93,83.07,0,13.04,N,1011.01,"2024-05-16 00:22:00"
"Antipolo Monitoring Station 393",14.4952,121.1173,CALABARZON,Antipolo,Sampaguita,24.13,87.78,6.25,8.79,N,1001.61,"2024-12-10 10:03:00"
"Biñan Monitoring Station 394",14.3933,121.0383,CALABARZON,Biñan,,27.6,93.54,0,18.68,E,1019.24,"2024-11-29 16:13:00"
"Calamba Monitoring Station 395",14.2181,121.2303,CALABARZON,Calamba,"San Antonio",22.64,60.11,0,16.49,W,1004.6,"2024-01-13 12:54:00"
"Lucena Monitoring Station 396",13.8333,121.5747,CALABARZON,Lucena,"San Antonio",31.37,73.36,0,6.75,N,1008.57,"2024-10-02 08:07:00"
"Cavite City Monitoring Station 397",14.4143,120.93,CALABARZON,"Cavite City","San Jose",24.41,94.04,0,22.05,W,1018.53,"2024-05-11 22:53:00"
"Los Baños Monitoring Station 398",14.2027,121.2903,CALABARZON,"Los Baños","San Miguel",29.08,85.76,38.46,18.95,SW,1002.33,"2024-05-01 15:37:00"
"San Pedro Monitoring Station 399",14.2877,121.057,CALABARZON,"San Pedro",Sampaguita,28.96,93.5,0,21.01,SW,1010.81,"2024-11-20 20:39:00"
"Biñan Monitoring Station 400",14.3433,121.0523,CALABARZON,Biñan,"San Isidro",33,77.73,33.22,20.3,SW,1013.82,"2024-01-18 00:29:00"
"Santa Rosa Monitoring Station 401",14.2417,121.2017,CALABARZON,"Santa Rosa","Bagong Silang",21.77,94.15,0,14.56,SW,1019.11,"2024-09-17 14:50:00"
"Santa Rosa Monitoring Station 402",14.3857,121.1927,CALABARZON,"Santa Rosa","Sta. Ana",29.52,83.11,0.72,8.7,S,1012.15,"2024-08-19 14:03:00"
"Lipa Monitoring Station 403",13.8807,121.2303,CALABARZON,Lipa,Poblacion,21.93,92.01,32.61,11.56,NW,1008.65,"2024-11-07 01:55:00"
"Tagaytay Monitoring Station 404",14.002,120.9713,CALABARZON,Tagaytay,"San Roque",20.02,52.85,25.92,14.66,NW,1001.6,"2024-05-12 02:33:00"
"Cavite City Monitoring Station 405",14.5443,120.819,CALABARZON,"Cavite City","Sta. Maria",33.95,84.06,36.07,7.51,NE,1009.69,"2024-02-08 19:07:00"
"Biñan Monitoring Station 406",14.3053,121.1423,CALABARZON,Biñan,"San Isidro",33.32,79.59,0,24.33,E,1020,"2024-02-12 16:20:00"
"San Pedro Monitoring Station 407",14.3017,121.129,CALABARZON,"San Pedro","Sta. Ana",28.59,78.73,45.57,22.12,NE,1019.13,"2024-08-23 10:39:00"
"Calamba Monitoring Station 408",14.1391,121.1143,CALABARZON,Calamba,,29.97,53.22,0,4.09,NW,1013.78,"2024-01-30 04:27:00"
"Tanauan Monitoring Station 409",13.9833,121.135,CALABARZON,Tanauan,"Sta. Cruz",32.9,84.24,46.91,8.18,SE,1000.65,"2024-08-28 21:24:00"
"Cavite City Monitoring Station 410",14.4663,120.817,CALABARZON,"Cavite City","Sta. Maria",31.37,60.3,0,22.67,W,1002.64,"2024-01-16 18:57:00"
"Biñan Monitoring Station 411",14.2753,121.1043,CALABARZON,Biñan,"San Miguel",30.32,62.37,17.53,12.33,SW,1013.03,"2024-11-25 04:39:00"
"Santa Rosa Monitoring Station 412",14.3297,121.0167,CALABARZON,"Santa Rosa",,32.28,90.78,43.91,9.72,SE,1008.28,"2024-06-22 08:02:00"
"Dasmarinas Monitoring Station 413",14.2994,120.9237,CALABARZON,Dasmarinas,"Bagong Silang",25.16,78.2,0,19.35,S,1011.05,"2024-06-20 10:02:00"
"Dasmarinas Monitoring Station 414",14.3904,120.9617,CALABARZON,Dasmarinas,Villa,31.1,88.44,0,19.34,SW,1005.2,"2024-07-17 22:15:00"
"Cainta Monitoring Station 415",14.6211,121.2002,CALABARZON,Cainta,Poblacion,30.6,68.57,0,15.87,SE,1010.21,"2024-10-21 07:38:00"
"Tagaytay Monitoring Station 416",14.138,120.9233,CALABARZON,Tagaytay,Poblacion,20.84,79.63,38.08,0.27,N,1018.05,"2024-05-06 19:06:00"
"Santa Rosa Monitoring Station 417",14.2437,121.1447,CALABARZON,"Santa Rosa",Poblacion,32.4,50.97,0,18.62,W,1011.41,"2024-08-02 08:58:00"
"Bacoor Monitoring Station 418",14.5471,120.8688,CALABARZON,Bacoor,"San Miguel",28.37,58.08,0,24.63,S,1003.13,"2024-04-22 08:15:00"
"Antipolo Monitoring Station 419",14.5402,121.1343,CALABARZON,Antipolo,"Bagong Silang",32.76,75.55,0,13.8,W,1010.22,"2024-11-01 04:06:00"
"Cavite City Monitoring Station 420",14.4593,120.932,CALABARZON,"Cavite City","Sta. Maria",32.66,60.54,0,5.48,N,1007.39,"2024-05-13 07:26:00"
"Tagaytay Monitoring Station 421",14.074,120.9363,CALABARZON,Tagaytay,,26.58,90.26,0,4.64,NE,1005.65,"2024-03-23 05:12:00"
"Cainta Monitoring Station 422",14.6191,121.0882,CALABARZON,Cainta,"San Miguel",27.35,80.89,0,8.93,E,1012.97,"2024-04-27 22:16:00"
"Los Baños Monitoring Station 423",14.1857,121.3173,CALABARZON,"Los Baños","San Miguel",27.82,56.14,29.41,11.19,W,1006.39,"2024-02-11 19:30:00"
"Tagaytay Monitoring Station 424",14.197,120.9973,CALABARZON,Tagaytay,Sampaguita,22.86,90.18,0,18.04,SW,1019.61,"2024-03-11 08:01:00"
"Dasmarinas Monitoring Station 425",14.2724,120.8827,CALABARZON,Dasmarinas,,32.7,70.15,0,17.64,E,1014.04,"2024-05-02 03:08:00"
"Antipolo Monitoring Station 426",14.5282,121.1783,CALABARZON,Antipolo,Poblacion,23.73,72.1,0,12.56,E,1007.7,"2024-03-04 05:21:00"
"Antipolo Monitoring Station 427",14.6132,121.1813,CALABARZON,Antipolo,Villa,27.27,51.67,0,2.74,SW,1018.84,"2024-12-30 11:10:00"
"Biñan Monitoring Station 428",14.2793,121.0593,CALABARZON,Biñan,,21.34,89.5,0,3.87,E,1011.15,"2024-09-17 23:48:00"
"Lucena Monitoring Station 429",13.9713,121.6997,CALABARZON,Lucena,"San Miguel",25.07,62.19,0,12.99,N,1013.04,"2024-04-10 12:14:00"
"Tayabas Monitoring Station 430",14.0487,121.6103,CALABARZON,Tayabas,"Barangay 2",32.35,64.87,0,1.08,SW,1016.76,"2024-05-16 16:39:00"
"Tanauan Monitoring Station 431",13.9833,121.192,CALABARZON,Tanauan,"San Jose",28.69,86.43,5.5,22.85,W,1012.17,"2024-12-29 21:38:00"
"Calamba Monitoring Station 432",14.1491,121.1973,CALABARZON,Calamba,Poblacion,20.35,93.33,0,5.47,SW,1003.58,"2024-08-13 21:25:00"
"Calamba Monitoring Station 433",14.1431,121.1163,CALABARZON,Calamba,"San Miguel",31.47,83.82,0,8.22,NW,1019.69,"2024-03-14 20:50:00"
"Tanauan Monitoring Station 434",14.0133,121.128,CALABARZON,Tanauan,"Barangay 1",22.38,50.5,27.2,6,SW,1006.6,"2024-10-13 07:17:00"
"Batangas City Monitoring Station 435",13.6595,121.0423,CALABARZON,"Batangas City","Sta. Maria",31.93,85.38,0,16.01,W,1018.6,"2024-02-26 21:37:00"
"Biñan Monitoring Station 436",14.3353,121.0123,CALABARZON,Biñan,"Sta. Ana",24.57,55.24,43.93,13.8,N,1003.1,"2024-06-25 03:41:00"
"Tayabas Monitoring Station 437",13.9707,121.6113,CALABARZON,Tayabas,"Sta. Ana",25.21,86.97,35.38,1.58,SW,1012.59,"2024-01-05 08:29:00"
"Dasmarinas Monitoring Station 438",14.2384,120.8497,CALABARZON,Dasmarinas,Sampaguita,29.25,88.47,23.47,22.82,SW,1000.77,"2024-06-05 07:40:00"
"Batangas City Monitoring Station 439",13.7835,120.9783,CALABARZON,"Batangas City",Sampaguita,28.48,58.77,0,12.62,NE,1007.69,"2024-03-03 20:28:00"
"Lucena Monitoring Station 440",13.8953,121.7167,CALABARZON,Lucena,"Barangay 2",22.42,88.38,0,23.4,SE,1006.95,"2024-02-26 10:38:00"
"Biñan Monitoring Station 441",14.3483,121.1113,CALABARZON,Biñan,,32.42,61.98,0,15.58,SW,1000.6,"2024-06-26 07:36:00"
"Los Baños Monitoring Station 442",14.2017,121.2853,CALABARZON,"Los Baños",,32.08,58.03,0,22.44,SE,1012.85,"2024-07-01 09:08:00"
"Imus Monitoring Station 443",14.4057,120.9847,CALABARZON,Imus,Sampaguita,26.64,79.55,0,16.12,NW,1013.68,"2024-12-13 22:33:00"
"Antipolo Monitoring Station 444",14.5932,121.1353,CALABARZON,Antipolo,"Barangay 3",23.5,71.18,32.86,21.73,S,1016.81,"2024-06-02 08:49:00"
"Dasmarinas Monitoring Station 445",14.3574,121.0347,CALABARZON,Dasmarinas,,22.66,83.96,0,12.3,S,1006.96,"2024-11-04 17:47:00"
"Cainta Monitoring Station 446",14.4821,121.1132,CALABARZON,Cainta,"Barangay 1",24.08,87.35,19.74,4.24,SW,1010.39,"2024-08-04 14:36:00"
"Lipa Monitoring Station 447",13.9087,121.2243,CALABARZON,Lipa,Sampaguita,32.96,78.45,0,5.28,NE,1007.34,"2024-09-01 22:47:00"
"Los Baños Monitoring Station 448",14.1877,121.1493,CALABARZON,"Los Baños","San Jose",26.03,68.53,35.2,15.62,N,1010.47,"2024-02-11 13:05:00"
"Tanauan Monitoring Station 449",14.0783,121.1,CALABARZON,Tanauan,"Barangay 1",20.3,91.45,0,24.91,NW,1010.32,"2024-02-27 07:05:00"
"Batangas City Monitoring Station 450",13.7185,121.1153,CALABARZON,"Batangas City","San Roque",28.15,83.49,0,24.61,N,1005.03,"2024-02-02 13:29:00"
"Tagaytay Monitoring Station 451",14.11,120.9133,CALABARZON,Tagaytay,,26.13,64.91,0,14,W,1010.28,"2024-08-07 05:42:00"
"Biñan Monitoring Station 452",14.3903,121.0863,CALABARZON,Biñan,"San Miguel",27.01,94.14,0,5.61,E,1012.95,"2024-07-29 05:21:00"
"Tagaytay Monitoring Station 453",14.062,120.9783,CALABARZON,Tagaytay,"San Antonio",34.81,64.73,0,15.11,S,1012.33,"2024-03-18 05:51:00"
"Biñan Monitoring Station 454",14.3383,121.0763,CALABARZON,Biñan,"Bagong Silang",20.57,91.47,48.25,13.82,E,1008.19,"2024-09-17 22:12:00"
"Dasmarinas Monitoring Station 455",14.3404,120.8777,CALABARZON,Dasmarinas,Villa,22.51,73.26,0,13.9,SW,1018.53,"2024-07-10 19:40:00"
"Lipa Monitoring Station 456",13.9377,121.2083,CALABARZON,Lipa,"Sta. Ana",24.77,69.14,0,5.12,SW,1007.08,"2024-03-28 23:03:00"
"Dasmarinas Monitoring Station 457",14.3234,120.9097,CALABARZON,Dasmarinas,,32.37,55.95,0,21.75,N,1003.49,"2024-10-16 05:22:00"
"Imus Monitoring Station 458",14.3837,121.0117,CALABARZON,Imus,Sampaguita,23.25,73.32,0,12.86,W,1000.53,"2024-11-06 18:36:00"
"Cavite City Monitoring Station 459",14.5073,120.99,CALABARZON,"Cavite City","Barangay 3",21.56,94.37,0,1.76,W,1019.72,"2024-01-29 02:35:00"
"Lucena Monitoring Station 460",14.0313,121.5197,CALABARZON,Lucena,"Bagong Silang",28.65,93.23,7.13,6.7,NW,1003.33,"2024-05-24 19:48:00"
"Imus Monitoring Station 461",14.4377,120.8557,CALABARZON,Imus,"Sta. Maria",25.89,60.68,0,4.09,N,1013.67,"2024-05-28 12:10:00"
"Cavite City Monitoring Station 462",14.5143,120.849,CALABARZON,"Cavite City","Sta. Cruz",30.86,58.68,0,13.99,W,1010.74,"2024-06-09 08:03:00"
"Gumaca Monitoring Station 463",13.9677,122.084,CALABARZON,Gumaca,,23.81,57.75,0,16.2,N,1000.51,"2024-05-20 16:46:00"
"Tanauan Monitoring Station 464",14.0833,121.15,CALABARZON,Tanauan,"Sta. Cruz",28.27,61.46,4.43,12.97,SE,1002.29,"2024-05-31 01:20:00"
"San Pedro Monitoring Station 465",14.3657,120.957,CALABARZON,"San Pedro","Sta. Maria",26.19,81.3,0,21.64,N,1017.06,"2024-06-04 13:24:00"
"Dasmarinas Monitoring Station 466",14.3654,120.8927,CALABARZON,Dasmarinas,,26.97,83.65,38.72,10.41,NE,1017.02,"2024-04-07 17:48:00"
"Lucena Monitoring Station 467",13.9613,121.6897,CALABARZON,Lucena,"Barangay 1",25.32,68.21,0,10.83,SE,1012.56,"2024-06-14 01:19:00"
"Lipa Monitoring Station 468",13.8517,121.1183,CALABARZON,Lipa,Poblacion,24.36,72.76,39.8,15.02,E,1011.47,"2024-09-18 11:18:00"
"Tayabas Monitoring Station 469",14.0797,121.5373,CALABARZON,Tayabas,Villa,30.88,55.26,37.02,5.85,N,1003,"2024-06-12 23:34:00"
"Bacoor Monitoring Station 470",14.5001,120.9568,CALABARZON,Bacoor,"San Roque",25.37,68.59,4.2,11.65,SW,1000.53,"2024-03-02 22:37:00"
"Imus Monitoring Station 471",14.3707,120.8387,CALABARZON,Imus,Sampaguita,25.75,87.78,0,12.1,E,1013.62,"2024-11-24 12:01:00"
"Angono Monitoring Station 472",14.5856,121.0874,CALABARZON,Angono,"San Roque",32.98,66.7,0,1.63,N,1012.11,"2024-03-02 06:39:00"
"Gumaca Monitoring Station 473",13.8337,122.067,CALABARZON,Gumaca,"San Roque",28.77,78.1,27.73,8.7,N,1004.06,"2024-09-25 00:58:00"
"Lipa Monitoring Station 474",13.9637,121.2143,CALABARZON,Lipa,"San Roque",29.1,62.46,11.65,17.05,E,1006.01,"2024-11-12 22:30:00"
"Cavite City Monitoring Station 475",14.4153,120.949,CALABARZON,"Cavite City","San Miguel",33.04,72.4,0,10.47,S,1016.28,"2024-02-12 09:30:00"
"Santa Rosa Monitoring Station 476",14.3237,121.0557,CALABARZON,"Santa Rosa","Barangay 1",24.18,93.36,0,20.52,S,1015.72,"2024-05-03 22:24:00"
"Antipolo Monitoring Station 477",14.6672,121.1723,CALABARZON,Antipolo,Villa,31.81,79.5,47.8,20.59,S,1001.94,"2024-02-20 11:53:00"
"Angono Monitoring Station 478",14.6216,121.0964,CALABARZON,Angono,Sampaguita,23.93,68.69,0,15.09,SW,1010.31,"2024-02-21 00:01:00"
"Tanauan Monitoring Station 479",14.1543,121.217,CALABARZON,Tanauan,"San Isidro",30.61,84.77,27.72,6.49,NE,1007.12,"2024-05-21 18:41:00"
"Cainta Monitoring Station 480",14.6451,121.1082,CALABARZON,Cainta,"Barangay 3",33.55,62.07,11.95,23.56,E,1012.12,"2024-09-27 03:56:00"
"Cainta Monitoring Station 481",14.5101,121.1552,CALABARZON,Cainta,"Sta. Ana",27.13,54.34,0,17.42,E,1000.3,"2024-07-17 17:06:00"
"Dasmarinas Monitoring Station 482",14.2624,120.8987,CALABARZON,Dasmarinas,"San Jose",25.65,81.55,0,1.56,E,1004.73,"2024-12-12 16:51:00"
"San Pedro Monitoring Station 483",14.3947,121.128,CALABARZON,"San Pedro","Sta. Maria",23.02,87.62,0,13.88,E,1019.12,"2024-02-10 12:43:00"
"Cainta Monitoring Station 484",14.5001,121.1592,CALABARZON,Cainta,"Bagong Silang",31.17,61.58,0,16.85,W,1000.6,"2024-07-02 09:41:00"
"Tayabas Monitoring Station 485",13.9807,121.5353,CALABARZON,Tayabas,,23.47,53.61,0,1.74,NW,1005.1,"2024-05-09 05:11:00"
"Gumaca Monitoring Station 486",13.9447,122.039,CALABARZON,Gumaca,Sampaguita,28.95,53.6,39.58,13.47,NE,1001.09,"2024-01-15 11:15:00"
"Tagaytay Monitoring Station 487",14.119,120.8563,CALABARZON,Tagaytay,"Barangay 1",28.19,71.92,3.28,2.24,S,1001.51,"2024-06-05 02:05:00"
"Cainta Monitoring Station 488",14.6031,121.1742,CALABARZON,Cainta,"San Miguel",33.99,55.67,49.81,1.03,SE,1003.66,"2024-09-01 13:34:00"
"Bacoor Monitoring Station 489",14.4211,120.8728,CALABARZON,Bacoor,Villa,33.73,58.67,0,8.82,NW,1018.73,"2024-02-19 18:34:00"
"Dasmarinas Monitoring Station 490",14.2404,120.9627,CALABARZON,Dasmarinas,Poblacion,30.55,53.06,0,2.04,NE,1000.39,"2024-11-16 14:34:00"
"Angono Monitoring Station 491",14.4716,121.2314,CALABARZON,Angono,"Sta. Maria",23.76,58.18,0,2.6,NW,1014.96,"2024-06-06 15:38:00"
"Los Baños Monitoring Station 492",14.1287,121.1923,CALABARZON,"Los Baños","Sta. Cruz",32.84,62.45,0,19.45,E,1006.02,"2024-08-03 23:39:00"
"Lipa Monitoring Station 493",14.0297,121.2243,CALABARZON,Lipa,"Barangay 3",23.4,80.17,9.93,20.78,SE,1009.84,"2024-06-07 15:17:00"
"Tanauan Monitoring Station 494",14.1613,121.157,CALABARZON,Tanauan,,30.4,74.89,0,10.22,N,1014.28,"2024-03-13 06:52:00"
"Los Baños Monitoring Station 495",14.2647,121.2783,CALABARZON,"Los Baños",,21.84,56.42,15.44,23.95,N,1012.89,"2024-08-14 00:46:00"
"Los Baños Monitoring Station 496",14.2067,121.1793,CALABARZON,"Los Baños","Sta. Ana",22.72,82.43,0,8.37,NE,1001.19,"2024-01-24 00:44:00"
"Batangas City Monitoring Station 497",13.7415,121.0103,CALABARZON,"Batangas City","San Isidro",29.06,57.38,35.74,4.18,S,1019.94,"2024-11-02 07:19:00"
"Biñan Monitoring Station 498",14.4163,121.0803,CALABARZON,Biñan,"Sta. Ana",20.91,64.41,0,2.56,N,1012.02,"2024-07-20 06:00:00"
"Santa Rosa Monitoring Station 499",14.4037,121.1997,CALABARZON,"Santa Rosa",Poblacion,30.83,86.01,0,19.64,NE,1008.92,"2024-04-19 16:42:00"
"Los Baños Monitoring Station 500",14.1677,121.1503,CALABARZON,"Los Baños",Villa,30.22,60.11,39.47,1.08,SW,1010.97,"2024-12-17 17:31:00"
